potential_location_id,city,latitude,longitude,property_sqft,property_type,property_condition,lease_terms_available,population_density,median_household_income,age_under_18_pct,age_18_35_pct,age_35_65_pct,age_over_65_pct,education_low_pct,education_medium_pct,education_high_pct,ethnic_diversity_index,unemployment_rate_pct,median_property_value,daytime_population_multiplier,number_of_offices_1km,number_of_competitors_1km,average_competitor_pricing,traffic_count_nearby,distance_to_public_transport_km,walkability_score,visibility_index,number_of_parking_lots_200m,parking_occupancy_probability,distance_to_shopping_centers_km,distance_to_tourist_attractions_km,ongoing_nearby_construction,public_transport_lines,location_attractiveness_score
POT_LOC_001,Hamburg,53.457385837137345,10.020982082252756,752,Retail Unit,Needs Renovation,3 years,2552.5971797733973,54138.3516500803,0.20255321240246568,0.10314978141920417,0.4020058933272649,0.2922911128510652,0.2295145028003447,0.3279616731343435,0.44252382406531177,0.2693594095314988,6.318343565553957,381680.3073306207,1.4368437161805083,12,2,3.521817388220986,1204,0.668238379879039,0.786286343295539,0.4695387498495342,6,0.18732786726489897,4.059336995209323,0.287645927596787,1,4,71.81576638456248
POT_LOC_002,Leipzig,51.30257119621527,12.374814138232942,1053,Retail Unit,Needs Renovation,3 years,5884.37424255488,49234.83470727139,0.26944470646480845,0.168124074187046,0.44182696183607156,0.120604257512074,0.20306385394056514,0.31199763508651346,0.4849385109729214,0.5750765952149843,4.003658835043366,266583.27885972755,1.291828055925436,13,2,3.5252971481726703,2503,0.38876908847485925,0.8133712725789195,0.8943911214223055,5,0.29586611715752553,0.7182451578002845,0.42898746343440164,3,0,79.00309004456594
POT_LOC_003,Frankfurt,50.19241329478522,8.631958445829776,1059,Street Retail,Excellent,10 years,3966.636380218759,29159.53635585654,0.3228866628230369,0.320317680453905,0.22352305796109237,0.13327259876196573,0.19830229893605175,0.2897957198966044,0.5119019811673439,0.06426442336872984,5.543714688207953,166110.54380550468,1.2601538504518968,3,0,3.875852790328245,876,0.40712000478194854,0.9099010450751109,0.4863057819986646,7,0.10417146514461044,1.7574954081989689,0.1,2,1,66.57250332360421
POT_LOC_004,Cologne,50.91957658460713,7.01141022770861,1116,Retail Unit,Good,5 years,5306.154186728987,40918.89174571117,0.2107900301368149,0.3019792463944915,0.12655461340834076,0.3606761100603528,0.25763322692942814,0.2815633158131239,0.4608034572574479,0.3727863399113961,5.254959354360962,408588.399831308,1.0759513467561472,10,5,3.4549038619184382,931,0.36825958105300377,0.7267122113116488,0.5861077295108829,3,0.21562047637689086,0.7169900902175578,1.4672553344303774,5,2,62.86032518930939
POT_LOC_005,Berlin,52.46575963309833,13.320395981965758,1174,Retail Unit,Excellent,3 years,1755.2968011323012,47566.18772267794,0.08710408919874939,0.2589682276228603,0.366099963755052,0.2878277194233384,0.10484651132098144,0.35555619411429823,0.5395972945647204,0.06314081378193168,4.883359699195967,304809.61709381157,1.1330148826015383,10,2,3.9337593978926093,1105,0.7655223099148546,0.5550728967586697,0.9040967057706437,4,0.3627259139888656,0.11505461797192927,3.9769657357820214,4,6,67.80075515082737
POT_LOC_006,Berlin,52.477950290582754,13.3372442574508,1506,Retail Unit,Needs Renovation,10 years,4838.265550507634,50959.8146466518,0.08099450293664605,0.33163194155647613,0.39185476232829985,0.19551879317857804,0.10291421625287057,0.21388668315262613,0.6831991005945032,0.37153690355342034,5.534344671481391,300965.1323362767,1.2375732252658989,8,2,3.8712961272535993,1325,0.4439111450139759,0.7633784119691619,0.6118530592163818,5,0.16182872636183954,1.1713342458765321,0.3799454886266291,1,2,73.40062857351583
POT_LOC_007,Berlin,52.60593953046852,13.466624075912883,1045,Retail Unit,Good,5 years,1935.2748082744238,40445.50201614721,0.20627454837549555,0.35306322334176043,0.2659080595932013,0.17475416868954274,0.09884137461475122,0.21101772964816115,0.6901408957370877,0.2588887509502481,4.789127290913357,341029.9692988243,1.1570374734254911,6,2,3.1816119404865555,1071,0.3769111805301537,0.5268133699966094,0.546236531056396,8,0.4187432618872351,2.515877712624293,0.5512486005622603,4,5,63.97221773199375
POT_LOC_008,Dortmund,51.540280751302085,7.539592118037543,937,Street Retail,Good,3 years,4384.448269480521,35184.250568828924,0.0530563403354702,0.39523392018690545,0.3741712934874586,0.1775384459901657,0.15984525445771122,0.23259522395294932,0.6075595215893395,0.11378368286320382,6.659493657242664,353217.57662447524,1.2717764305569943,14,7,4.0007208577479,684,0.5053153472027135,0.45051863667495295,0.5287368263979598,9,0.1,0.23064667431931335,0.1,0,5,55.314374813060894
POT_LOC_009,Cologne,50.99823441537982,6.897614011777208,1227,Retail Unit,Good,3 years,5281.033106146351,41884.916464868526,0.17424136176442528,0.23793340625299217,0.39659543194528923,0.19122980003729334,0.21097454466857538,0.4541694006064231,0.3348560547250015,0.04253534577518764,2.782120631330238,353960.5635720877,1.0766757015580402,12,6,3.802401201287978,833,0.6375811404976407,0.9739217641161061,0.7219435074254344,5,0.2710062543715669,1.0993949372336556,0.5716312513167016,5,2,65.03941349756548
POT_LOC_010,Frankfurt,50.18941179969799,8.68996844838313,906,Retail Unit,Excellent,5 years,3051.7110657936523,41444.24673444345,0.1893455313545501,0.295547905999568,0.26346024818314345,0.2516463144627385,0.22070146742028962,0.37597968856155234,0.403318844018158,0.1966679364335796,4.695730670494771,485050.01083789853,1.209462724752274,10,2,3.6042684841410657,1145,0.7548680239297199,0.7252085193100535,0.627102296450647,5,0.3272755252755247,0.32400604817547657,0.816832765791855,4,1,66.43761563580448
POT_LOC_011,Berlin,52.58148803103281,13.484218259984697,1002,Retail Unit,Excellent,3 years,5235.83971668137,43383.45828853925,0.06314698922950711,0.31702959268152486,0.4136127521159901,0.20621066597297796,0.28712191311761665,0.31534713346636845,0.39753095341601485,0.49236709453810246,7.718747313934414,435696.5091850735,1.1936977237861166,10,1,3.9930134467413603,1313,0.5365161887716371,0.844607006274971,0.6802676274229353,4,0.11913977471368345,1.796756583281812,0.12553202576137343,0,3,72.18885690458785
POT_LOC_012,Leipzig,51.30330069499438,12.295110384905536,775,Retail Unit,Good,3 years,1617.9838167407179,30967.585830262167,0.1473902306385787,0.09091054060840442,0.3946718732795611,0.3670273554734558,0.09428053772906243,0.46480254127626397,0.44091692099467367,0.16968279227168526,5.734061841841877,263283.58136041585,1.069678037036412,11,2,3.2656530865606657,963,0.7899363502408465,0.6124953135473659,0.34251350111724,3,0.40004091015445337,0.2873410362503778,0.42049066207859354,3,0,53.544803071731685
POT_LOC_013,Düsseldorf,51.173287032508384,6.758921557725252,727,Retail Unit,Good,3 years,1319.7577909138754,45378.05827531018,0.13730855463440747,0.28583667125102996,0.4935600023166739,0.08329477179788866,0.14663818035084325,0.3140160865493749,0.5393457330997818,0.511211412223011,5.151226133381078,209808.68341698727,1.2984214244584447,18,1,3.638081487494691,1208,0.6180987276976777,0.8846118085003335,0.6431486068702613,4,0.1,0.642754388673347,0.2559115459033342,1,2,73.22797382493803
POT_LOC_014,Berlin,52.5836029531845,13.477146116651268,1459,Retail Unit,Needs Renovation,3 years,2929.2618875160024,45854.06870251753,0.2903717398054318,0.2521848205907961,0.3529049798343657,0.10453845976940637,0.26030209225415124,0.3057850503833227,0.43391285736252605,0.22060987508146898,4.656188289848935,471941.8661028541,1.38719042591893,6,3,3.482370586316981,851,0.8349897188814612,0.7928315965645213,0.3858016698851278,7,0.1076063974617847,1.029396199839801,1.264700490305277,5,4,65.86392199901606
POT_LOC_015,Berlin,52.42139042610624,13.407149460515512,1264,Retail Unit,Excellent,3 years,1770.0402455113797,44437.08958403705,0.2689438784763747,0.16767475132905113,0.24316343237073076,0.32021793782384345,0.2544222892786841,0.3328433901944205,0.4127343205268953,0.24758339801843504,6.101240012220814,267587.20621084323,1.7116825544237628,11,2,3.4271903756524154,426,0.2512180469734107,0.8954221707428947,0.7376250106693892,2,0.30255530983062434,3.864750220070523,0.5459979179561858,7,3,75.39790132411322
POT_LOC_016,Berlin,52.50348220062976,13.349421562094145,1153,Retail Unit,Good,5 years,2908.1375706152153,46639.50312775564,0.12688129092353326,0.3739952826831058,0.31351068841557517,0.18561273797778577,0.0787898668471995,0.20806283468382078,0.7131472984689797,0.40989007404558997,5.243213386929389,458745.7918781267,1.1782880839202692,14,1,3.7970498716877867,983,0.28359514324844864,0.5707010945065368,0.48194479993787953,3,0.14454127807560288,0.4045597328496304,2.8121510585578067,3,4,68.08962361787061
POT_LOC_017,Hamburg,53.47507307346673,9.961223034280726,985,Retail Unit,Excellent,10 years,4638.055194680979,52585.267577338294,0.1155198331648685,0.17352729459898328,0.3356596099116057,0.3752932623245426,0.22116537065245492,0.26283457001588734,0.5160000593316577,0.35982282857973474,3.991191639485387,240116.24120339792,1.5567209603847527,5,2,3.470650756370017,630,0.6453071336615347,0.7067349163856743,0.7330127354407071,9,0.4270223413071608,0.5191410805043449,6.719564161523771,1,1,72.93120501265717
POT_LOC_018,Munich,48.223681940782505,11.546640586404152,845,Street Retail,Excellent,3 years,1510.3126019017495,42246.628313708476,0.13784811824337503,0.25511020308836707,0.346613008225321,0.26042867044293694,0.22333457460042724,0.31156107556125473,0.46510434983831805,0.07968735523165195,5.555723857787378,395287.9254415923,1.506248321896708,9,2,3.45209444375351,1359,0.6137685426508854,0.6562409949230937,0.8987919586365257,4,0.6198156564800889,1.1873455829771036,0.7239508357859228,4,3,72.35192837229138
POT_LOC_019,Munich,48.13885812434867,11.622603791779037,834,Retail Unit,Excellent,3 years,4247.892360135887,48080.101150373324,0.1985554133737191,0.33440927192843817,0.3043829555819271,0.16265235911591563,0.049659164330318216,0.4239312869941367,0.5264095486755451,0.32585166275463107,4.274520619443144,339835.6620517911,1.2055773700661552,10,3,3.5075632602620246,506,0.33476432136588,0.6382253183185145,0.8548084273162997,6,0.23293360317334896,0.7467463171522045,1.1640126414462555,2,0,69.59754932120659
POT_LOC_020,Hamburg,53.52382592047586,10.088056416544193,894,Retail Unit,Good,5 years,2545.1657785477364,47624.84556837796,0.08929011109069959,0.15347426718644716,0.4010275592052484,0.35620806251760484,0.18860495039900574,0.431004795882255,0.38039025371873925,0.46840351905727345,3.870074563931977,319408.03864813526,1.7205184722235392,9,2,3.6480680613002874,813,0.9774138455292115,0.8838866152556929,0.7007595683483057,4,0.16098173490218462,3.064164607508018,0.1,2,2,73.60769130612344
POT_LOC_021,Cologne,51.029989458988425,6.910656459165073,1064,Retail Unit,Excellent,10 years,4733.010940579443,35430.56808173763,0.15629421989626455,0.24646045705162054,0.33681868845093105,0.2604266346011838,0.12590387949458895,0.382016412271377,0.492079708234034,0.37441378308364837,7.099033154879003,340080.79469493113,1.036099204489588,7,3,3.588094632158921,1060,0.959199721191162,0.5506986977607305,0.9451961566787294,4,0.1,0.3625415991157512,1.6693313158941352,5,4,60.094267275349566
POT_LOC_022,Berlin,52.51944970117848,13.365175661963354,1166,Retail Unit,Good,3 years,4612.7490169658,52637.32271515267,0.05628132179637816,0.07894924099778057,0.4004844603706318,0.4642849768352096,0.26269505910923396,0.37310405419118836,0.36420088669957773,0.15156050649118918,6.619454901194346,371141.3256735443,1.3323200894310148,11,4,3.597277638810559,3425,0.14604895580092833,0.929757736786829,0.4654467150021954,5,0.2884957018176471,1.7977260081696056,0.8612189130065928,3,2,79.31321081316878
POT_LOC_023,Hamburg,53.50806809887549,9.901077389470908,1130,Retail Unit,Good,3 years,3544.852892284782,35937.22966995366,0.12135242411646938,0.40287383106300967,0.28012680653417343,0.19564693828634744,0.07493266792639784,0.40878334935527244,0.5162839827183298,0.5248783201255401,4.9387585584257305,472866.1429902815,1.137415573145353,8,3,3.5236333183599,1857,0.5205348964067523,0.8623038526513223,0.6351439177006512,3,0.23538928965900957,0.11935028499273859,1.3315047302673324,4,2,69.03210839480766
POT_LOC_024,Hamburg,53.57301286679598,9.994235804645772,912,Retail Unit,Excellent,3 years,5130.370567488818,45975.39815534885,0.006955590145066384,0.1686518760481716,0.4749403012809891,0.34945223252577284,0.1251243403021569,0.40811576900430135,0.4667598906935417,0.21199835343945356,5.339704190433741,416202.7913457068,1.1433908349745006,12,4,3.899114505697418,2122,0.21551493395322532,0.5933526189180474,0.6588752806083763,6,0.23369948755544687,1.1473144065797576,1.085396478458099,3,1,68.28805379245462
POT_LOC_025,Munich,48.04539575025,11.537729292847324,1437,Street Retail,Excellent,3 years,3681.0759903862236,44551.03157384905,0.22320224800369065,0.4039110837410787,0.2067060292154241,0.16618063903980665,0.3132271666317838,0.3068462881891695,0.3799265451790468,0.601953769603217,5.885628658540328,406300.9928242785,1.1230778592257922,15,1,3.7987343685132586,1428,0.32018954914424175,0.8516725932007185,0.5391074046212935,5,0.13622217809027556,0.20652011060546263,0.2085409400216103,1,2,72.93951725771083
POT_LOC_026,Stuttgart,48.85745317719333,9.130812378133395,1183,Retail Unit,Good,10 years,1197.4685466008157,30746.046199584413,0.28677680034874065,0.22433803713950976,0.29860955601507927,0.1902756064966703,0.030920657821244483,0.5250841967944951,0.4439951453842603,0.5717063823348205,7.1680770343744005,192704.29034163582,1.2417728233599623,13,3,3.724121853153966,2206,0.6226803991500932,0.6476822693743024,0.7487822020879429,4,0.2791626792638995,1.3764257632959036,1.9028212550987038,4,3,64.66718115057198
POT_LOC_027,Berlin,52.448978974418246,13.402890552055512,1066,Retail Unit,Good,5 years,2404.980872864577,46567.39893845263,0.15284397665135147,0.32008334230874463,0.385191057363908,0.1418816236759959,0.050293443878324434,0.3866479565852557,0.5630585995364198,0.5119042065723937,5.6502694031774885,489131.2343979075,1.9890069681933986,7,2,3.501164185004122,2467,0.9206066011435943,0.8868875951519133,0.5799511857912842,5,0.1,2.2615941357266682,0.10922917109409774,4,3,81.61865545987604
POT_LOC_028,Munich,48.23223009082212,11.5304110543023,1100,Street Retail,Needs Renovation,3 years,1145.3285148968737,47901.792700658516,0.1688328661046725,0.34880256284371847,0.34170690960285177,0.14065766144875727,0.2824545607618904,0.3519456535115784,0.36559978572653123,0.5131746340690863,3.777257406143872,318215.67797388195,1.7210044017385993,8,1,3.9075748608853482,918,0.22724519879470617,0.8784544081965806,0.5151075261131877,4,0.424122789550816,4.7824257519575655,0.17866768528615343,7,5,78.80445211619364
POT_LOC_029,Cologne,50.97192710948118,7.0126239230657434,991,Retail Unit,Excellent,5 years,1897.032646384836,41354.886592288625,0.06238474438888582,0.2248493559577428,0.4497899856691452,0.26297591398422626,0.22100859843734993,0.4519967373740836,0.32699466418856643,0.19508875272271223,4.833160907976949,201039.98521665137,1.4960790074116563,8,5,3.4617611095347844,973,0.9209874131033731,0.7360056578233803,0.774676185205315,5,0.13255741096760387,2.4747307783204615,0.6989148216013418,4,1,65.85214792449644
POT_LOC_030,Berlin,52.46752750879848,13.450643269722372,892,Street Retail,Good,3 years,5340.91023605545,42306.10682637012,0.14962471619118783,0.18035798938955547,0.3162495641880447,0.35376773023121205,0.01709545248220838,0.6537492761488851,0.3291552713689065,0.6968256233992829,4.973695352491245,417117.7826338767,1.1552146643996015,8,1,3.131244920659875,608,0.249884662147543,0.542822528557384,0.8813176045996907,7,0.6434014985611503,1.6931280315353634,0.5657523269022081,6,1,66.80825993205957
POT_LOC_031,Cologne,50.911056626543854,6.986761166118716,955,Street Retail,Needs Renovation,3 years,2518.5963325917237,38292.45703255833,0.10961720144861511,0.2910225374998259,0.4924983784956485,0.10686188255591057,0.1647201089518519,0.46578487980976624,0.3694950112383819,0.306363879760989,5.2230011858031675,404350.82957949664,1.2271886672799805,7,3,3.420313453465839,1841,0.7861250923364556,0.7867347267033985,0.7512009955748772,5,0.38397714442022124,2.017493424573146,1.1064477813737863,2,5,68.40450025543886
POT_LOC_032,Berlin,52.54670594215218,13.41215493681495,1197,Street Retail,Good,10 years,1936.3253969007988,36648.580315628344,0.017163166420825122,0.3066237615754258,0.5164696664459498,0.15974340555779928,0.1843226014665567,0.2693326145051957,0.5463447840282476,0.1333029846005148,6.901861266180237,376792.91898747574,1.7971881780630636,15,4,3.0149859875155958,977,0.9233579348664892,0.7858727932406858,0.5964185219030448,5,0.25725680100479015,0.1,4.1718238227828515,3,3,67.76403896594452
POT_LOC_033,Berlin,52.43805795401089,13.472060499117847,715,Street Retail,Good,5 years,4270.459259395145,37671.623121226425,0.24170056292395806,0.2326206754900866,0.3649142656429422,0.16076449594301315,0.26464786544071467,0.3668085795152075,0.36854355504407776,0.23542684596049232,6.922844985595597,422932.2202021829,1.8618629048212503,12,3,3.147777760517308,739,0.9892125658588794,0.9038611233698136,0.8146821298644277,3,0.3531544202561912,1.5610442552986117,0.9578701703549253,0,4,71.98916037150103
POT_LOC_034,Essen,51.41975601299434,6.948903702079971,805,Street Retail,Good,3 years,2632.408371904167,35335.38049144849,0.2074558631370929,0.2830386136818741,0.33228162464744887,0.17722389853358406,0.024366931910040527,0.3251187579044104,0.6505143101855492,0.3567419346222949,5.42386992573245,288301.4800349512,1.049589049793608,9,3,3.317494770596199,1474,0.8246072878791985,0.5655266553364993,0.8979855969868854,2,0.361797462056256,0.1,0.7809194982199996,2,4,62.222148191854565
POT_LOC_035,Leipzig,51.24785502831095,12.391278588637649,747,Street Retail,Excellent,3 years,3395.924844444542,32586.29518006255,0.07159284178357248,0.2863673050694858,0.3662937111044491,0.27574614204249276,0.06949638913767583,0.4032073287011105,0.5272962821612137,0.6759083732898877,4.365782058371685,390158.7731661357,1.0324267972414842,11,4,3.5580058338794944,791,0.3278790163115292,0.7108050697515369,0.8724235556958225,5,0.26431929318681086,1.272954256690394,0.10665648797073594,3,4,62.342375616808354
POT_LOC_036,Düsseldorf,51.263212872368456,6.676817565785572,742,Street Retail,Good,3 years,8356.139259262818,60465.594285346015,0.20866657079589132,0.18508770210898481,0.3754832244411931,0.23076250265393067,0.1606740954960677,0.42670498768461046,0.4126209168193219,0.1777257504130989,8.009139332238684,407947.6966797513,1.0120958819456776,14,2,3.808823930286598,1633,0.19521686824551907,0.8293284899187768,0.6449741645963534,7,0.1,0.40653400180148075,0.1129682623868175,3,2,76.97065820820262
POT_LOC_037,Hamburg,53.553518611659854,9.938999155039587,1284,Retail Unit,Good,3 years,1155.1870747795517,36778.70631263298,0.19141942422312475,0.10527612832593876,0.3289394399544649,0.37436500749647156,0.15983405470539291,0.3853705078551326,0.45479543743947454,0.2697192620259839,6.425726790298989,337777.85086032486,1.5388140743060459,8,4,3.241854777985149,731,0.5119881514337208,0.5496859512170231,0.8776782973037919,4,0.15665121162501564,2.3635212702069532,0.13540414572486228,2,5,63.80751603549771
POT_LOC_038,Berlin,52.54903455808189,13.339873285800998,1159,Retail Unit,Good,3 years,4308.831137607805,43102.13479270202,0.10653126133993526,0.278329395807442,0.3875955850157843,0.22754375783683847,0.22578990151560357,0.2071067259244995,0.567103372559897,0.4247660088174081,6.56085447563326,186060.77917816467,1.2491970861469484,8,4,3.5151609028378736,2309,0.37006037461489594,0.8113261756789492,0.6394373437102258,6,0.2718430121049585,0.6682103205735584,0.9810734233162786,3,1,72.15708293583674
POT_LOC_039,Frankfurt,50.149087547620496,8.659447069260107,1021,Retail Unit,Good,10 years,7222.317836388496,33367.8646427331,0.07033486948448112,0.27928223130853186,0.3007066676526775,0.34967623155430955,0.042853555706299104,0.39904001026299984,0.5581064340307011,0.05551255663123692,8.015013933950002,268613.38466622826,1.1979852363312276,12,2,3.2938957700901508,558,0.3291973893009657,0.7907203788014768,0.3918550726436153,4,0.5190376142378812,0.15738933978565647,1.1954479683386385,5,2,61.92718999544432
POT_LOC_040,Munich,48.22244599774735,11.5095041888292,791,Retail Unit,Excellent,3 years,3798.5185280036835,52560.33646000254,0.07454141074813493,0.3658564484268239,0.42706798043189154,0.13253416039314964,0.20231322270605454,0.47255871083507583,0.3251280664588697,0.5590831546911512,6.5233284101466635,385428.44084219227,1.8371571624754905,12,4,3.7903478072075614,660,0.14610186676388193,0.5814021290025125,0.7109069743507199,4,0.29487575101408725,4.264006729289723,1.517232888129288,4,7,76.13386303774963
POT_LOC_041,Berlin,52.48821327021005,13.327694704248117,1031,Retail Unit,Good,3 years,2561.0413652564253,49175.096376924696,0.08321197326322909,0.38113040887358046,0.40999342997462285,0.12566418788856762,0.098686908887083,0.3643409876998354,0.5369721034130815,0.34131571446680664,5.920942210905771,524630.0927039352,1.6785937190528368,10,4,3.2529395088122453,1056,0.25657965956962325,0.655570810004433,0.5604189196387612,5,0.36645720384313524,0.4307934830300976,2.6362769262526493,1,3,73.59013287864005
POT_LOC_042,Munich,48.22003872365571,11.657467870676196,1021,Retail Unit,Excellent,5 years,1807.7429147947335,41675.674403642326,0.06875653047040535,0.12372605541050051,0.40116817365462526,0.4063492404644689,0.016957276915166318,0.4036077681088764,0.5794349549759573,0.3242961750461279,7.826714798869942,390110.36636371294,1.8854784556095152,14,5,3.3217653108536047,994,0.969931693200985,0.8509114514218773,0.7440116865857582,7,0.14227194572971674,0.742872695162486,1.1108690734334095,4,1,70.0984450428379
POT_LOC_043,Berlin,52.47158832554303,13.436996809206835,845,Retail Unit,Excellent,3 years,1890.5972973445187,41312.71197141507,0.14832882868982242,0.335473851435444,0.19929544647847022,0.3169018733962634,0.14803198845078594,0.46062362815711916,0.3913443833920948,0.9090856583997272,4.725074379236118,407161.1587055072,1.4911363647728406,11,2,3.5347473761680837,707,0.1474388108680951,0.3556498845529903,0.9139732397499751,6,0.21215801751273242,0.7302380863036912,0.1,7,3,68.649473562103
POT_LOC_044,Essen,51.51904444004024,7.022640162319892,999,Retail Unit,Excellent,5 years,2782.9749006821953,45423.00255624726,0.1533490206739779,0.43574510060632826,0.30527686716000285,0.10562901155969094,0.26416658815073163,0.19691569284068067,0.5389177190085878,0.16257472191250097,7.060487817744437,335784.18196674867,1.2563338629782081,11,3,3.72006434405176,1414,0.920986814124264,0.6826725600150715,0.8356881219154202,4,0.1,0.32557935642692976,0.6895323203947223,5,2,70.32402620710322
POT_LOC_045,Hamburg,53.557030115671196,9.94207045818009,979,Retail Unit,Excellent,3 years,2019.1343804766107,40957.28934544713,0.14760427723815184,0.21294379029339847,0.4437288247541213,0.19572310771432838,0.13461731503899763,0.41864921843228226,0.44673346652872015,0.3497509139197995,5.283412253282039,410188.05622105836,1.9475531404570325,8,2,3.8213241501208417,1754,0.4564490296919201,0.8821199983823034,0.7623734268520803,5,0.4290020788914582,0.7240028091621411,1.4901121553535597,2,2,79.82317414147893
POT_LOC_046,Frankfurt,50.029520553561184,8.761543151590665,1103,Shopping Center,Needs Renovation,3 years,1252.6395391935619,49811.24115096307,0.15780111703208918,0.4311034373306201,0.3548250448354944,0.056270400801796384,0.17333524626366367,0.3490095502383772,0.4776552034979591,0.1283649652680086,6.764262657859879,380996.7469824771,1.3005370834001164,10,6,3.082412485714481,2571,0.13697412845999976,0.7493981102719658,0.8683985245634148,9,0.38810069672047737,0.6587323443241401,0.9743844595999843,0,3,78.19398792510623
POT_LOC_047,Hamburg,53.63118361143266,10.020320291454654,1114,Retail Unit,Excellent,3 years,2427.440905312728,52227.8234303916,0.08957501655867578,0.3482149115650574,0.39030053186314556,0.17190954001312114,0.08665774602151219,0.38040156060150393,0.5329406933769839,0.1787692753288756,4.190840283741762,470136.41094620666,1.2045250641804732,9,3,3.4227138543467017,1059,0.2996015427401918,0.5679135864973066,0.6929110472471952,6,0.2690948299362922,0.2557501440337658,0.23800106695362913,2,1,70.54533568584255
POT_LOC_048,Munich,48.10290595820974,11.551841914922534,746,Retail Unit,Good,5 years,4684.2513063897595,44345.961503581006,0.0925231412517007,0.45611728044755995,0.2834899946479258,0.1678695836528135,0.3340358152893545,0.22701375793994824,0.43895042677069723,0.36575838942713385,5.787491848435851,398318.5940048862,1.9185091498435178,14,4,3.462714266851269,986,0.7023838747271515,0.5742261360809552,0.9438417111772847,4,0.2480355110470547,0.45615813985757797,0.1,4,2,74.98253868369459
POT_LOC_049,Munich,48.18029113577405,11.661422051990517,966,Street Retail,Excellent,10 years,2487.7114379008717,46686.47498102628,0.11880245951791935,0.18363322295445728,0.4118994985869862,0.2856648189406372,0.2198581334347724,0.28474559781487296,0.49539626875035464,0.2823937255773237,7.622940040315943,401270.90384474664,1.933744346057078,12,3,3.565597792027189,877,0.9280343476981474,0.8786733837418792,0.8415935244344778,3,0.267003539211259,0.3178875625462011,0.12499857540334465,4,3,76.43522994450808
POT_LOC_050,Berlin,52.59741728485302,13.460975109171525,1109,Street Retail,Excellent,3 years,5229.423701098824,24417.279557350037,0.22276057028127522,0.25755202398868277,0.3124036857860991,0.20728371994394304,0.1557813556370323,0.3620531935050884,0.48216545085787926,0.10185573363727084,5.033777856293337,378503.2994843282,1.1650848277321448,6,4,3.2467014653631487,1511,0.43414382845485444,0.8518254696780209,0.9578743371353343,7,0.1,0.1,0.5974806837066782,5,4,64.71168661439768
POT_LOC_051,Leipzig,51.368106329230855,12.289927992999012,1037,Retail Unit,Excellent,3 years,2364.6032365261694,38921.85136707905,0.10544281500925297,0.4882025939821556,0.2470921109371386,0.15926248007145277,0.03843632100862353,0.4959932729109785,0.465570406080398,0.23946050576282804,5.912911163535111,302113.35510471085,1.2600849461553756,14,1,3.0418876817538627,852,0.38851082741484916,0.8126318537928497,0.9032117001559465,3,0.49514948506151407,0.14122898344117474,1.9571882885604794,3,3,73.8866566195849
POT_LOC_052,Stuttgart,48.70812574281892,9.262610837705417,1285,Retail Unit,Good,10 years,2943.082686719935,44043.76127333302,0.02787378673273345,0.2624519927488513,0.45077779710515853,0.2588964234132568,0.12598104475878377,0.3747277542598429,0.4992912009813733,0.38880662519922465,4.236554561438751,327469.1177025137,1.3909119316724678,12,3,3.3076756200384936,1524,0.7093340333938092,0.5631199875192934,0.8748506199691073,9,0.5007297367893635,0.5363266568340012,0.1,2,2,69.37177959905783
POT_LOC_053,Essen,51.476885811931915,6.913439410323326,1129,Retail Unit,Needs Renovation,3 years,3655.4062267481827,48467.8763482426,0.279826211861107,0.11820671433910342,0.3933462893427066,0.20862078445708301,0.21361370525515758,0.3386196211312084,0.44776667361363387,0.5844156324413221,5.209665454649353,269332.3123029484,1.257930951356164,9,1,3.4459457505881392,2177,0.301242293491304,0.6333953008904074,0.7916758366505231,4,0.1,0.5970797473993517,1.8131675285676359,3,1,74.59100360865453
POT_LOC_054,Dortmund,51.4338943085732,7.498000353821611,838,Street Retail,Good,3 years,2658.9857772782943,38697.656751421644,0.09896661669078066,0.0917172074733084,0.5122539370558217,0.29706223878008914,0.21570617814594656,0.3159899039036277,0.46830391795042575,0.5661151792185692,4.230179650292622,351857.7041794088,1.1233018174890124,8,5,3.600961514561294,1732,0.24825780647295556,0.6423198866056244,0.968327312193754,10,0.1943172576655615,0.11714430178745301,0.2476788311897125,5,2,65.902035338849
POT_LOC_055,Cologne,50.83851231676925,6.8924616102835,768,Street Retail,Good,5 years,2105.857801849788,38563.007998118104,0.14400320263612826,0.4159229263246428,0.22144663534397294,0.21862723569525605,0.32707341864793094,0.1554588552084528,0.5174677261436162,0.10065418503316471,4.838661302211637,417003.8023827465,1.0381196089867823,10,5,3.6826206767373253,830,0.27751839955031515,0.9083676268995727,0.8604031575858244,3,0.34373810860870335,0.1,0.2571640118702838,3,4,68.29758253396176
POT_LOC_056,Essen,51.46534675787331,7.049979039538538,1119,Retail Unit,Good,3 years,1156.0490343395911,46732.22673631807,0.12189477659849048,0.3311539844440123,0.38577573954740857,0.1611754994100887,0.23630761614650916,0.2515221232287969,0.512170260624694,0.4517315369129809,8.28147481182503,256765.43734240273,1.3858134554893038,18,3,3.660309469590915,1147,0.5527653402444481,0.8512482997147974,0.6379211825566768,4,0.2880155464028137,0.6172655193274871,2.310215757108007,5,2,72.68767471392688
POT_LOC_057,Berlin,52.550392251900526,13.349853861892111,728,Street Retail,Excellent,5 years,4032.9672050046397,42808.59378633792,0.2561288723040801,0.25018321184598036,0.39364934155979375,0.10003857429014575,0.028726716763164982,0.17160033996103657,0.7996729432757983,0.23210666795074583,3.9995107192363393,379943.31243386836,1.4929527707918895,7,2,3.7063798916154282,807,0.866340263481892,0.797663803232254,0.596195595988785,3,0.3916294816690107,1.1975618862576378,1.0164976128949628,1,3,68.57100903187607
POT_LOC_058,Berlin,52.56243584426951,13.352449817499359,1085,Street Retail,Excellent,3 years,4812.351466849625,48844.61557551153,0.18337981254688365,0.32438848248574986,0.3727403867708527,0.11949131819651373,0.1874539300840484,0.3093510919548522,0.5031949779610995,0.5737638256430228,4.533868912136449,590737.7634919967,1.7889920754642747,8,5,3.355318336939545,2339,0.22285271087522396,0.7918080812425977,0.8913075678703527,8,0.29530412423440305,0.22180667008207905,0.9205161680201928,1,5,82.36458515267124
POT_LOC_059,Berlin,52.48507993963186,13.454298281023604,1404,Street Retail,Good,3 years,1732.095862678271,40270.043445868716,0.3399655303954352,0.19866225049121733,0.3442204167708182,0.11715180234252924,0.21247235731436495,0.23527971414849064,0.5522479285371444,0.28238646960383285,4.195304873364637,382732.19339904195,1.432352693193987,7,5,3.137422842727297,978,0.9356569767494007,0.6238828766342113,0.6856098859213948,2,0.4369958343205985,0.3280511925163256,0.2126009726691307,3,7,61.88822394017964
POT_LOC_060,Hamburg,53.58102657980944,10.063544682098836,1079,Retail Unit,Good,3 years,2872.3750518469546,52573.594418185945,0.2445915312831761,0.2488135870459028,0.45285832457502245,0.05373655709589864,0.08741408382259909,0.4030539742092281,0.5095319419681728,0.6594531347769689,6.479287412072617,459642.59752664645,1.8200031335873132,9,4,3.265618250091682,849,0.5037693324559608,0.6419537125082474,0.5893266176207205,7,0.1365699800664834,2.870159424084981,0.7344494760376783,3,0,73.26833017515764
POT_LOC_061,Hamburg,53.58262257846007,10.007361720667095,973,Retail Unit,Good,3 years,1936.4508503629997,29926.59956090129,0.19266878586588285,0.3714558251060368,0.2671330768580462,0.1687423121700341,0.06388016993767387,0.4215020643862379,0.5146177656760882,0.3806868896042396,4.925395052789915,467772.21694029565,1.7758458185269865,10,2,3.4243539602469277,785,0.5533225851137001,0.48005957662188065,0.6634945032268124,2,0.2997639825684843,0.1,2.5668598921792296,2,2,64.86788201671858
POT_LOC_062,Hamburg,53.469834953565616,9.967243160611886,1119,Retail Unit,Needs Renovation,5 years,1294.363340186125,42940.1458974451,0.05020369628699072,0.4341918858434567,0.437206178636863,0.07839823923268958,0.17244521238407265,0.3339700004490374,0.49358478716688997,0.44263668296274844,4.891509261371793,337757.04017176357,1.3439866283876591,8,0,3.784425316230827,1398,0.47432228886775857,0.7328170577031111,0.7732529406013928,6,0.17587048205301153,0.6177962039001496,1.1126232561581626,4,3,75.50501732851102
POT_LOC_063,Düsseldorf,51.180740473536346,6.722297928675817,1012,Street Retail,Good,5 years,3534.385069080303,48141.29173474802,0.2183333720340795,0.21129373849966912,0.3146056926153907,0.2557671968508607,0.20143039881092403,0.2895015089603723,0.5090680922287036,0.26028345007200404,5.827214412859285,319004.6717577954,1.3693615753632833,13,4,3.453828431907594,2136,0.1935634383211506,0.8243125005409846,0.9657762028513671,5,0.3886588566796707,0.6597397024167971,2.178877769250996,2,4,78.52570217755144
POT_LOC_064,Hamburg,53.64570211095049,9.972319544933352,1061,Retail Unit,Excellent,3 years,2564.7039809079583,40109.76615082762,0.25592795414910974,0.317389594489876,0.2743926196828817,0.1522898316781326,0.12619084810394565,0.3496535802715716,0.5241555716244827,0.14424889321287182,7.546016976648436,310358.6315321849,1.3709414700508817,7,5,3.4113493131400747,3822,0.6039014786612069,0.9088701305631992,0.6840510098113028,4,0.23802401059080647,0.4831528522947882,1.5831022231065468,2,2,76.84727176899361
POT_LOC_065,Hamburg,53.62950931103542,10.019927725199453,1406,Retail Unit,Needs Renovation,3 years,4431.904513453144,32585.46966235271,0.15644743975469547,0.36523014306430696,0.2504735582158827,0.2278488589651149,0.04494632780003353,0.4010195642926712,0.5540341079072952,0.4794918506952331,5.504911609210548,324769.0699089059,1.5528192252963862,11,4,3.278612433102495,1502,0.9748481271611394,0.7327487082839582,0.9618959605007789,8,0.2680532136682577,1.6735160468933532,1.9200183872036878,4,1,68.45663114200947
POT_LOC_066,Munich,48.19406226070833,11.582527418621039,972,Street Retail,Good,5 years,4726.313312245748,39040.1549601778,0.1521838059165794,0.3289355075944533,0.270517635231847,0.24836305125712027,0.24429140243905248,0.24898907888996494,0.5067195186709825,0.2952802263519527,5.1237643765931224,409398.53323794436,1.7319314865636466,12,1,3.619414464952779,876,0.5363728657444933,0.5752877217639407,0.5749661390183141,4,0.36807501280498306,0.787197863128681,0.3333870670342424,3,2,69.54984481357191
POT_LOC_067,Berlin,52.53538077692527,13.403503538763772,1455,Retail Unit,Good,3 years,4952.332941421997,28685.416655171703,0.18080598606188286,0.3618585328885172,0.2582301118374842,0.19910536921211572,0.0847872190549886,0.25642701029171905,0.6587857706532924,0.7849636945822078,3.9433976537381485,380035.63953500363,1.8943038890951125,21,3,3.6567530210631536,479,0.8989763722045193,0.5285158638717129,0.9387690684151947,2,0.24725662882314903,0.7594725215107503,0.65846793462684,1,1,65.29333766311002
POT_LOC_068,Düsseldorf,51.16674859755961,6.817990423052302,1345,Retail Unit,Needs Renovation,3 years,5534.292795056816,38376.15490083474,0.10353122383823248,0.28540831496522073,0.29251536625126706,0.3185450949452796,0.1356886839548005,0.2289634037391019,0.6353479123060977,0.6625442441789875,4.904713138076968,243997.30049216474,1.3832575247662924,12,5,3.476027464201235,1676,0.5802552381782897,0.33987404879460503,0.705122304424933,4,0.1,2.9146080034439223,0.2195326270847633,6,3,61.313177942926
POT_LOC_069,Berlin,52.476154472488176,13.30986319328629,860,Retail Unit,Needs Renovation,3 years,4339.721367093436,55591.064862027924,0.18862568740858882,0.25348189138844246,0.3282231900387654,0.2296692311642033,0.1634711735799698,0.40434872772449443,0.43218009869553575,0.6841811818001112,5.997577582125739,491727.75132650114,1.6935596917766933,12,2,3.3051905541158355,1126,0.4625069806418455,0.675918720801242,0.3655194406359092,5,0.5877890389994903,0.17733212331388915,2.2541174460985465,2,4,74.56628209163102
POT_LOC_070,Leipzig,51.36879445918144,12.308522135881411,767,Street Retail,Good,3 years,1726.8134451261217,52154.27138913415,0.2333275809640056,0.3149834009009646,0.22881024506225459,0.2228787730727752,0.26453642036119207,0.3578591242894976,0.3776044553493103,0.4004987475925049,6.2817878405999235,253951.5812303504,1.033627956983684,6,2,3.5873020587391444,1064,0.5890652669784378,0.9141405830771231,0.8910277891355787,4,0.1,2.270568632762163,0.23661724658939093,2,1,75.21688243712057
POT_LOC_071,Stuttgart,48.86389171687058,9.273685715400518,793,Retail Unit,Good,3 years,3584.2352631488743,45157.025970541574,0.21178939802374167,0.20355860722567204,0.3399435802515595,0.24470841449902683,0.21842832465273004,0.353025815108543,0.4285458602387269,0.11587850425096474,3.783114321294211,381297.91512019845,1.4978155547494416,6,3,3.3200535818248817,728,0.5827693447720274,0.6669869241754595,0.30488497342171816,7,0.1,2.046371801945212,0.7189777349381096,3,3,64.40035888095672
POT_LOC_072,Berlin,52.60297287804409,13.379031740051088,719,Street Retail,Good,10 years,2216.8044970609153,30299.81444643863,0.08788427677669136,0.3008735730297103,0.3203545814058948,0.29088756878770355,0.1437510480390338,0.2990593864881246,0.5571895654728416,0.9251216963879237,6.562277779586789,430040.64134648285,1.624871723849388,9,6,3.004310213491357,651,0.6125341493229326,0.9101854696347519,0.7774801351882185,5,0.39836736091044056,1.5463495017981055,0.1,4,4,65.69529139715526
POT_LOC_073,Berlin,52.423091323305776,13.490663712517545,788,Retail Unit,Good,5 years,1990.780992491343,48771.58711138483,0.18976513832743758,0.26253834637401346,0.2644610389474275,0.28323547635112145,0.19616382118726033,0.3345194562214119,0.46931672259132784,0.3486246796743361,6.835486800857118,240874.7495116453,1.818463877488268,5,5,2.999970977963241,519,0.27268586596405137,0.8376351846376523,0.855451058231913,5,0.49336273727480107,0.6937576795855878,2.245255645894845,2,0,76.63126610524041
POT_LOC_074,Düsseldorf,51.21333682966346,6.866830963808734,1145,Street Retail,Excellent,5 years,2336.4747128096324,43835.532144688514,0.07647745833269032,0.21304899782483122,0.5247827781505862,0.18569076569189227,0.11782414759467726,0.4209671753793839,0.4612086770259389,0.0210884092996409,3.4369333816353453,215775.9401227599,1.1569377483612353,9,2,3.5978133129097576,1269,0.7429488058335632,0.42974334817408477,0.8133514948463235,4,0.1,4.627674991619463,0.23497162037662495,0,3,63.90600146164278
POT_LOC_075,Frankfurt,50.20362399541785,8.752701891093473,769,Street Retail,Excellent,10 years,1648.827839015669,45453.52551923044,0.14356268313432183,0.43475271763153794,0.2877668277951555,0.13391777143898476,0.31691315736279074,0.1942531170693608,0.4888337255678485,0.461834354906875,5.20523274450694,385669.723900161,1.3988661316741071,8,2,3.591916844622024,786,0.2609569616570194,0.869999609991358,0.49975053186195706,8,0.263345363029191,0.9763444813417176,0.1,0,3,73.61831336095347
POT_LOC_076,Frankfurt,50.06978977841392,8.659119545720385,934,Retail Unit,Good,10 years,5376.874864528255,41764.33141611094,0.14341852094416585,0.22762644070220822,0.3778965718481813,0.2510584665054446,0.07231016487143933,0.5419073720885497,0.385782463040011,0.5930878122274058,4.654213062229624,249745.67764766788,1.1989328515087136,6,2,3.534973553603739,767,0.23270770833956161,0.6626928741580516,0.8282586879892738,4,0.4178402155801768,0.4190582006971966,1.468686491865232,7,2,68.3317669391193
POT_LOC_077,Stuttgart,48.846027334303365,9.146284401031256,1273,Street Retail,Good,3 years,1027.32823046263,36919.82550629709,0.2602518473205438,0.051844108832483374,0.5034316337868721,0.1844724100601008,0.24924003106538895,0.3178298860537243,0.4329300828808868,0.24991580012897538,5.211885710131195,326809.228931865,1.1725418727566168,11,3,3.806010952070627,1691,0.16512153196719395,0.592381504423185,0.29713747338061924,5,0.1,1.8375002407412462,0.1,2,2,60.11627965872785
POT_LOC_078,Berlin,52.453898549337225,13.41636025249167,724,Street Retail,Good,3 years,1434.9533660723073,48537.82991401698,0.046591187578760254,0.3177924767864493,0.4050292892798674,0.230587046354923,0.178120144174992,0.4206983640301356,0.40118149179487245,0.10524406621555242,6.334024834105868,395667.61976085487,1.7760594232586384,15,3,3.5960649733846486,1338,0.2257485102810587,0.6548724937797766,0.6153710860819471,3,0.3331399293344152,0.18786498604544336,1.3533928746642414,2,2,76.21570668216849
POT_LOC_079,Hamburg,53.638330954832156,10.032905959334995,1244,Street Retail,Good,3 years,7141.52486428315,48266.696873762565,0.17640586251694523,0.3266458668137508,0.30070045953123686,0.19624781113806708,0.032957905111526443,0.4227605718552065,0.544281523033267,0.4695045002292249,4.361300175010196,501680.4981727504,1.1097299752716767,7,3,2.9384087283430844,749,0.4523833896414663,0.5823574451938802,0.8066309579640999,4,0.18243844505474244,0.6078904499642351,0.1,1,4,67.45719147970117
POT_LOC_080,Berlin,52.53401223401788,13.324435298754153,913,Retail Unit,Excellent,5 years,1889.3213111290363,48267.013638036275,0.10013752219319107,0.49004031348830474,0.3279715753327169,0.08185058898578731,0.17746549979817022,0.44999671699941357,0.3725377832024162,0.3992086642595523,5.712662542086022,420509.3582021004,1.4263038169031852,11,3,3.506518847296917,858,0.3371261011244634,0.7932571709237745,0.7733157048257867,2,0.3515051807789125,2.8224060723135884,2.3638645884099563,3,6,75.99063086562157
POT_LOC_081,Dortmund,51.536601445339834,7.563310770020853,806,Street Retail,Good,10 years,723.3709788062359,35331.20538923196,0.1428124002437756,0.25584909967059816,0.5254950011925039,0.07584349889312227,0.1831250605256408,0.31646344726646786,0.5004114922078914,0.6291865452767581,2.7209808867847363,372686.51957135217,1.1867289725663526,7,2,3.0306133617992588,3358,0.72267751734476,0.6017512549641535,0.6465628763654178,3,0.17264727015079023,0.6844925816430611,0.5466581842156406,2,1,68.51077287945499
POT_LOC_082,Cologne,50.865516803047306,6.963965930472748,1154,Street Retail,Good,3 years,1219.903619662621,36278.265067055356,0.16350248145205348,0.2592414673803458,0.27858515984585913,0.29867089132174157,0.20629050802640972,0.29669581065255973,0.4970136813210306,0.2944268691471218,3.396069716871762,279784.32881103596,1.4223329545451122,7,3,3.7008248573560656,582,0.10760634645621449,0.5619893453199691,0.60427448240189,4,0.1271341250397251,0.51108444536641,0.16310203838164475,6,3,64.00760351761409
POT_LOC_083,Hamburg,53.62657461438559,10.041853723550842,1111,Street Retail,Good,5 years,3480.7375556218144,31230.51207488993,0.12868037723427264,0.10565208940328706,0.430930122723461,0.33473741063897927,0.10212824040732253,0.47825324544587006,0.41961851414680734,0.20402801225730344,5.276985097368703,290625.0830634398,1.7815546804479507,8,0,3.108623166859858,872,0.5429945649587202,0.7049264300089563,0.2904755755922733,4,0.14699905397238347,1.4664228291842867,0.908131583702163,2,4,64.74395190973182
POT_LOC_084,Berlin,52.55940314819906,13.445496816797421,1308,Street Retail,Good,10 years,3541.0475649155364,39116.70345019848,0.1710227630743651,0.2854955067936784,0.4131190371792334,0.13036269295272307,0.25445756457470764,0.22479164154048295,0.5207507938848095,0.20700839756234368,4.140797137747724,362020.35035880125,1.937358578152393,6,4,3.6493364928253333,812,0.9043967689857504,0.6046338754750071,0.8241432391850111,3,0.2894303067342567,1.013483454686121,0.17630492561569117,5,2,69.10017890858657
POT_LOC_085,Hamburg,53.52299823024395,9.9524183688529,1181,Retail Unit,Good,3 years,2478.4692229604243,44225.34242009869,0.00556197048310676,0.23740952790221956,0.4220447056700483,0.3349837959446254,0.21857905533964378,0.20119509223868096,0.5802258524216752,0.4759142512122404,6.510380434542553,308268.6218147834,1.4572929459867268,12,7,3.4449415483528543,689,0.2051236969605568,0.6523356914376955,0.40410448473901167,6,0.25051754050764535,1.1303311943687848,1.479464047346407,6,2,62.504623441081705
POT_LOC_086,Hamburg,53.6129722310957,10.055722678935837,1234,Street Retail,Excellent,3 years,1684.398977304272,48372.48595502899,0.13282677597013373,0.2567026082509427,0.5095535507213423,0.1009170650575813,0.22444030741340618,0.4230646563598334,0.3524950362267604,0.516296187268186,7.18171480271929,324331.0863884179,1.3483304249424921,13,4,3.2641087840585015,1198,0.18907176106783616,0.7767960031170151,0.8565151618051077,3,0.42547707276642016,0.4099442156074044,0.2672051715920888,3,3,74.26505757341306
POT_LOC_087,Frankfurt,50.18431446371602,8.764748110511295,913,Retail Unit,Good,3 years,4353.553010280455,34117.572314544384,0.1940087261338863,0.3435427277649442,0.18060973168938477,0.28183881441178477,0.04132995003081544,0.5260382982059244,0.43263175176326013,0.06021603813532658,3.4247888905967816,350503.55266301404,1.0716407293513206,10,3,3.687168782922973,1718,0.8499441538322631,0.6432670530053574,0.9223637951678215,5,0.21427352998299212,3.7329706396421836,0.7599375447367722,2,5,64.57578647457765
POT_LOC_088,Cologne,50.93976847977219,6.96060325893744,848,Retail Unit,Good,3 years,3369.1295187782403,32018.60341807481,0.11981733438966935,0.2001760330173623,0.37710288229593947,0.3029037502970289,0.10788713284645986,0.3268782304240548,0.5652346367294854,0.2017850049883187,7.852338882670505,372565.2780593479,1.1899895394826974,13,4,3.8295454628155454,675,0.35241690178418716,0.9094350470666763,0.8246946705244812,1,0.24385431785175307,3.537179023406595,0.4677751693624183,1,4,64.86048499455454
POT_LOC_089,Dortmund,51.57325903579335,7.495292786155553,1192,Retail Unit,Needs Renovation,5 years,2681.5935608067407,27508.054220465125,0.14130942292266926,0.37642480010889223,0.33304471764901894,0.14922105931941948,0.09247782439711005,0.45337306973571234,0.45414910586717755,0.20615090601822453,4.504819859050325,405239.38799002994,1.270687210453719,12,2,3.2882362957819353,1402,0.38884189448749634,0.5129672449899396,0.8253024243287065,5,0.529958124356492,1.1568940102633196,0.5730812719665113,4,2,63.68366523951083
POT_LOC_090,Munich,48.175493375451545,11.641158533887221,1237,Street Retail,Good,3 years,1374.0525766912986,38123.87493735879,0.0912024065805792,0.212650994727294,0.42926545095113094,0.26688114774099586,0.11911367031163189,0.2667269625866453,0.6141593671017228,0.5897603826852724,4.415118052316799,395690.5167219126,1.1558330872659035,12,1,3.098159067512673,880,0.9425130143861212,0.5279672997552246,0.7869631907986628,4,0.1077294561780751,0.2944881445323355,0.1358581843325942,1,1,61.65096712725988
POT_LOC_091,Berlin,52.598001068363516,13.372599031370306,1597,Retail Unit,Excellent,10 years,1826.4681121568922,45550.039208034046,0.14712834441295114,0.2528039654587099,0.3454027912745672,0.25466489885377175,0.1870619155216085,0.3572906817148786,0.45564740276351295,0.6571078087088829,6.049801737746439,209701.27244681504,1.609265504281922,13,4,3.6797309995590783,1841,0.8841492893090415,0.5203556382917004,0.35512431406022094,6,0.5628226488740274,0.1,0.5305992863850642,2,5,65.29954164905246
POT_LOC_092,Frankfurt,50.08601659052799,8.600896387968174,987,Shopping Center,Good,3 years,2391.9198487135586,38365.637333585306,0.15955776355054913,0.280890749213818,0.3123144971663744,0.24723699006925853,0.132359311575378,0.32670968436143855,0.5409310040631835,0.6627179794567739,3.8438944104487063,356274.3531616504,1.2212886729664076,11,5,3.265709087851954,1456,0.11978786983539125,0.4544690571691713,0.44181395179418814,3,0.5237729786135118,0.5820966897077566,0.1,1,2,60.37228518153888
POT_LOC_093,Stuttgart,48.79145602819923,9.090088454759348,964,Retail Unit,Good,5 years,5274.99050839434,46459.55774406681,0.1065919832856594,0.39595971311951644,0.3751594209980328,0.12228888259679128,0.10792531897137268,0.3204713751628228,0.5716033058658044,0.1763684666938621,6.812521726360345,322808.8596503547,1.2528483718906869,7,3,2.9778896523156546,1396,0.33313162969301247,0.8474937728480059,0.4964494662690652,7,0.10036822730141372,1.7447331592951978,0.1346069892111933,7,6,72.27114705467444
POT_LOC_094,Cologne,50.93061960362649,6.968828926941516,1212,Retail Unit,Needs Renovation,3 years,3223.8992854146436,36989.59420060003,0.11083867065694052,0.30832118007129733,0.41844200376953805,0.16239814550222414,0.19812124598742586,0.34899523724751724,0.45288351676505684,0.7117146482778732,7.845933042159667,418700.6014467606,1.0895158187207918,6,3,4.142902116375473,867,0.8470294152652672,0.5359440364111846,0.6630700003543354,4,0.5091541317740004,0.16999556103040914,0.5745355557446505,4,3,58.80992114154569
POT_LOC_095,Stuttgart,48.73310825042565,9.201066652113802,947,Street Retail,Good,5 years,1477.341328757487,35470.97129113945,0.12897348555573046,0.2402447614583664,0.3262069371008607,0.3045748158850425,0.17448483302284115,0.2197736381379383,0.6057415288392206,0.10050070887631919,6.560282847189129,343452.3288695597,1.4746365531228085,6,4,3.257082549269815,1204,0.6454135022314988,0.7185198580462373,0.8368318471412985,5,0.4704690171113041,3.944970851545388,0.4312020357097774,2,4,66.86825049321659
POT_LOC_096,Munich,48.041200049987815,11.489469637749844,1385,Street Retail,Good,5 years,2296.8627615692467,54576.689372346686,0.2490617195920315,0.33919927842787384,0.30573465170550324,0.10600435027459137,0.05908412668976092,0.4849803293129313,0.45593554399730785,0.45223037569696023,2.347521571830201,286500.7177205499,1.524484541675536,7,0,3.381985310676603,749,0.20519088453184514,0.7638520091652912,0.9222541249496929,4,0.4598351441477628,0.12496918049263243,1.540222541442795,3,3,82.36888091428985
POT_LOC_097,Munich,48.19962011213193,11.554038128282253,1287,Street Retail,Good,10 years,5416.992820307358,46629.507200581145,0.2908761150861147,0.27923197836306274,0.3078295395882082,0.12206236696261431,0.11923461652800173,0.413547228114232,0.4672181553577663,0.6493178437941198,2.872093954025736,319458.8818387259,1.7019888779366168,17,5,3.759274515409591,283,0.3654380222234779,0.9301714415725553,0.6464815231378483,1,0.29301098675525467,1.4514232262790463,0.1,2,3,72.90320818707869
POT_LOC_098,Munich,48.06051210253038,11.586448652010962,996,Street Retail,Good,10 years,4346.11649940598,44248.516465001885,0.1794448149143188,0.36675523244674746,0.3067913918892369,0.14700856074969693,0.2042585379250896,0.3598917488424095,0.4358497132325009,0.5897159407745775,7.783951225272592,459953.52261423285,1.2861361038200567,6,2,3.7323741493195226,1199,0.35914068468389715,0.9039322649084077,0.7635775324013186,5,0.20049074509855802,1.1395782197163231,1.008288124398501,1,4,75.22437582288862
POT_LOC_099,Berlin,52.573998710619726,13.348164205499367,1192,Retail Unit,Excellent,3 years,1855.7675097664935,31152.42325437633,0.06330721314414052,0.39257480203643347,0.37055544533486917,0.17356253948455685,0.09804304165884895,0.380282313445382,0.521674644895769,0.3608738226876369,7.777320420095172,383754.79216482956,1.6811525390159483,15,6,3.3502583145588902,1995,0.4493093110916474,0.8512966767118811,0.6584630937307405,10,0.1417017440077964,1.9737342288170923,0.1,2,1,70.29077724480175
POT_LOC_100,Berlin,52.5445780951638,13.322069492998754,1195,Retail Unit,Needs Renovation,3 years,2191.6416681427504,37675.515886407375,0.13057571999759487,0.4073242842206898,0.3452603764377734,0.11683961934394188,0.25035108036529763,0.23803065743466256,0.5116182622000398,0.3431018892463971,6.687832168703199,382328.2166660018,1.891351600541306,7,6,3.7459219151774286,994,0.7662817277595563,0.562453301668,0.35479912049467116,4,0.36199761819166965,4.9855143245045905,0.11215247325739204,3,0,63.19234729335184
